section,count,section_overview
agricultural conditions,22,agriculture and natural resource
28-Jan-81,1,NA
14-Oct-15,1,NA
.,2,NA
... and homebuilding,1,NA
... despite input shortages,1,NA
0verview,1,overview
a dismal profile,1,overview
a generally favorable situation for other industries,1,overview
a good july,2,overview
a slowdown and a threat,1,overview
a special note on the impact of hurricane harvey,1,overview
academic and financial consultants,2,business activity
across,1,overview
ag bankers optimistic,1,agriculture and natural resource
ag outlook improved,1,agriculture and natural resource
agricultural distress,1,agriculture and natural resource
agriculture,1418,agriculture and natural resource
agriculture  and natural resources,1,agriculture and natural resource
agriculture and  natural resources,1,agriculture and natural resource
"agriculture and               natural resources",1,agriculture and natural resource
agriculture and energy extraction,1,agriculture and natural resource
agriculture and fishing,1,agriculture and natural resource
agriculture and forest products,1,agriculture and natural resource
agriculture and forestry,8,agriculture and natural resource
agriculture and mining,7,agriculture and natural resource
agriculture and natural,1,agriculture and natural resource
"agriculture and natural               resources",1,agriculture and natural resource
agriculture and natural resource industries,2,agriculture and natural resource
agriculture and natural resources,379,agriculture and natural resource
agriculture and natural-resource-related industries,1,agriculture and natural resource
agriculture and non-energy mining,1,agriculture and natural resource
agriculture and other natural resources,2,agriculture and natural resource
agriculture and resource industries,1,agriculture and natural resource
agriculture and resource related industries,16,agriculture and natural resource
agriculture and resource-related    industries,1,agriculture and natural resource
"agriculture and resource-related                           industries",1,agriculture and natural resource
agriculture and resource-related industries,232,agriculture and natural resource
agriculture and seafood,1,agriculture and natural resource
agriculture and transportation,1,agriculture and natural resource
agriculture conditions,1,agriculture and natural resource
"agriculture, energy and natural resources",5,agriculture and natural resource
"agriculture, energy, and natural resources",34,agriculture and natural resource
"agriculture, forestry, and mining",8,agriculture and natural resource
"agriculture, mining and energy",1,agriculture and natural resource
"agriculture, mining, natural resources",1,agriculture and natural resource
"agriculture, natural resources and transportation",1,agriculture and natural resource
"agriculture, oil, and other resource-based industries",1,agriculture and natural resource
agriculture.,3,agriculture and natural resource
"agriculture. forestry, and mining",1,agriculture and natural resource
agriculture/natural resources,1,agriculture and natural resource
agriculture/resources,1,agriculture and natural resource
agriculture:,2,agriculture and natural resource
airline travel,1,consumer activity
an improved situation for agriculture,2,agriculture and natural resource
apparel prices,1,consumer activity
atlanta,36,overview
attitudes,1,business sentiment and outlook
austerity programs,1,business activity
auto and retail sales,1,consumer activity
auto dealers,8,consumer activity
auto industry,1,consumer activity
auto labor talks,1,consumer activity
auto production,1,consumer activity
auto purchases,1,consumer activity
auto sales,13,consumer activity
automobile dealers,7,consumer activity
automobile dealers associations,1,consumer activity
automobile industry,1,consumer activity
automobile sales,47,consumer activity
automobiles,5,consumer activity
automotive,2,consumer activity
autos,35,consumer activity
autos and appliances,1,consumer activity
autos and trucks,3,consumer activity
bank deposits,1,banking and finance
bank lending,3,banking and finance
banking,509,banking and finance
banking  and finance,1,banking and finance
banking activity,1,banking and finance
banking and  finance,1,banking and finance
banking and credit,24,banking and finance
banking and finance,692,banking and finance
banking and finance:,1,banking and finance
banking and finances,1,banking and finance
banking and financial services,23,banking and finance
banking conditions,1,banking and finance
banking developments,14,banking and finance
banking.,3,banking and finance
banking/finance,19,banking and finance
banking/finance.,1,banking and finance
bankruptcies and closings,1,banking and finance
banks,1,banking and finance
belt tightening,1,business activity
boston,30,overview
building costs,1,real estate and construction
business activity,68,business activity
business activity indicators,1,business activity
business and consumer services,1,business activity
business attitudes,1,business sentiment and outlook
business climate,2,business sentiment and outlook
business conditions and outlook,3,business sentiment and outlook
business confidence,1,business sentiment and outlook
business equipment,2,manufacturing and other business activity
business fixed investment,4,banking and finance
business inventories,1,manufacturing and other business activity
business problem areas,1,business sentiment and outlook
business sentiment,77,business sentiment and outlook
business spending,149,business activity
business spending and hiring,3,business activity
business spending.,1,business activity
business spending/hiring,1,business activity
business uncertainty,1,business sentiment and outlook
but district economic activity has not felt the effects yet,1,business sentiment and outlook
but far short of prosperity,1,overview
capacity constraints,1,manufacturing and other business activity
capacity utilization,3,manufacturing and other business activity
capital equipment,5,manufacturing and other business activity
capital expenditures,8,manufacturing and other business activity
capital goods,56,manufacturing and other business activity
capital goods spending,1,manufacturing and other business activity
capital goods—general,1,manufacturing and other business activity
capital investment,1,manufacturing and other business activity
capital spending,14,manufacturing and other business activity
capital spending and construction,1,manufacturing and other business activity
cars and trucks,1,consumer activity
caterpillar strike,1,manufacturing and other business activity
caution remains,1,business sentiment and outlook
chicago,36,overview
chicago and milwaukee,1,overview
cleveland,37,overview
coal,5,agriculture and natural resource
coal and timber,1,agriculture and natural resource
commerce and industry,1,retail sales and services
commercial,1,retail sales and services
commercial  real estate,2,real estate and construction
commercial and industrial construction,1,real estate and construction
commercial and real estate,1,real estate and construction
commercial bank lending,1,banking and finance
commercial banking,32,banking and finance
commercial banks,3,banking and finance
commercial building,1,real estate and construction
commercial construction,2,real estate and construction
"commercial real                   estate",1,real estate and construction
commercial real estate,182,real estate and construction
commercial real estate and construction,4,real estate and construction
company restructuring,1,business activity
compensation,1,employment wage and price
concern about inventories and homebuilding,1,business sentiment and outlook
confidence ebbs,1,business sentiment and outlook
confidence surveys,1,business sentiment and outlook
confidence weakens,1,business sentiment and outlook
consensus outlook,1,business sentiment and outlook
construction,320,real estate and construction
construction    and real estate,1,real estate and construction
construction & real estate,6,real estate and construction
construction activity,1,real estate and construction
construction and  real estate,1,real estate and construction
construction and capital spending,2,real estate and construction
construction and finance,2,real estate and construction
construction and home sales,2,real estate and construction
construction and housing,7,real estate and construction
construction and manufacturing,18,real estate and construction
construction and real eestate,3,real estate and construction
construction and real estate,907,real estate and construction
construction and real estate activity,9,real estate and construction
construction and real estate.,1,real estate and construction
construction and real fate,1,real estate and construction
construction and real sstate,1,real estate and construction
construction.,1,real estate and construction
construction/real estate,20,real estate and construction
construction/real estate.,1,real estate and construction
constructionâ,1,real estate and construction
construction—nonresidential,1,real estate and construction
construction—residential,1,real estate and construction
construction-residential,1,real estate and construction
consumer    spending and tourism,1,consumer activity
consumer  spending,6,consumer activity
consumer  spending and tourism,1,consumer activity
consumer activity,9,consumer activity
consumer buying,1,consumer activity
consumer demand,1,consumer activity
consumer expenditures,2,consumer activity
consumer goods,4,consumer activity
consumer outlook,1,consumer activity
consumer prices,2,consumer activity
consumer purchases,11,consumer activity
consumer sector,2,consumer activity
consumer spending,1522,consumer activity
consumer spending  and tourism,3,consumer activity
consumer spending and inventories,11,consumer activity
consumer spending and real estate,1,consumer activity
consumer spending and retail trade,1,consumer activity
consumer spending and tourism,362,consumer activity
consumer spending still strong,2,consumer activity
consumer spending.,2,consumer activity
consumer spending/housing,2,consumer activity
consumer spending/tourism,1,consumer activity
consumer spending:,1,consumer activity
consumers,7,consumer activity
consumers buying less,2,consumer activity
consumption,11,consumer activity
consumption and housing,2,consumer activity
consumption/housing,1,consumer activity
corporate restructuring,1,business activity
cost cutting,1,business activity
cost of production,1,manufacturing and other business activity
cost-cutting,1,business activity
credit,1,banking and finance
credit availability,1,banking and finance
credit conditions,5,banking and finance
credit developments,2,banking and finance
credit market conditions,2,banking and finance
credit problems,1,banking and finance
credit situation,2,banking and finance
crops largely planted,1,agriculture and natural resource
dallas,36,overview
declines spread,1,overview
defense impacts,1,overview
defense procurement,1,overview
district economists,1,business activity
district economy,1,business activity
district labor market conditions,17,employment wage and price
district outlook,2,business sentiment and outlook
district outlook and state and local government purchases,1,business sentiment and outlook
district versus nation,1,business activity
drilling,4,agriculture and natural resource
drought effects,1,agriculture and natural resource
durable consumer goods,1,manufacturing and other business activity
economic outlook,14,business sentiment and outlook
economic prospects,2,business sentiment and outlook
economic recovery,1,overview
effects of flooding,1,overview
effects of the stock price drop,1,banking and finance
electric power,4,agriculture and natural resource
employment,141,employment wage and price
employment  and prices,1,employment wage and price
employment & wages,1,employment wage and price
employment and business activity,1,employment wage and price
employment and industry,66,employment wage and price
employment and output,1,employment wage and price
employment and price,1,employment wage and price
employment and prices,102,employment wage and price
employment and unemployment,1,employment wage and price
employment and wages,486,employment wage and price
employment growth slow,1,employment wage and price
employment losses,1,employment wage and price
employment outlook,2,employment wage and price
employment situation,1,employment wage and price
employment wages and prices,2,employment wage and price
"employment wages, and prices",1,employment wage and price
"employment,  wages, and prices",1,employment wage and price
"employment, prices and wages",3,employment wage and price
"employment, prices and wares",1,employment wage and price
"employment, prices, and wages",1,employment wage and price
"employment, wages and prices",61,employment wage and price
"employment, wages, and prices",162,employment wage and price
"employment, wages, prices",1,employment wage and price
employment. prices and wages,1,employment wage and price
energy,529,agriculture and natural resource
energy and  mining,1,agriculture and natural resource
energy and mining,115,agriculture and natural resource
energy and natural resources,4,agriculture and natural resource
energy and resources,2,agriculture and natural resource
energy mining,1,agriculture and natural resource
"energy, mining and forestry",2,agriculture and natural resource
energy.,3,agriculture and natural resource
energyâ,1,agriculture and natural resource
equipment,8,manufacturing and other business activity
ervices,1,retail sales and services
evaluating the auto settlement,1,employment wage and price
exchange rate effects on exports,1,banking and finance
exchange value of the dollar,1,banking and finance
expectations,4,business sentiment and outlook
expectations for 1994,1,business sentiment and outlook
expectations of inflation and foreign trade,1,business sentiment and outlook
exports,5,manufacturing and other business activity
"exports, imports, and the dollar",1,manufacturing and other business activity
exports/imports,1,manufacturing and other business activity
extractive industries,1,agriculture and natural resource
farm earnings improve,1,agriculture and natural resource
farm equipment,4,agriculture and natural resource
farm finance,1,agriculture and natural resource
farmers and ranchers,1,agriculture and natural resource
farmers' earnings threatened,1,agriculture and natural resource
finance,472,banking and finance
finance and credit,3,banking and finance
finance and real estate,1,banking and finance
finance:,1,banking and finance
financial,84,banking and finance
financial    institutions,1,banking and finance
financial  institutions,1,banking and finance
financial activity,7,banking and finance
financial and construction,17,banking and finance
financial conditions,17,banking and finance
financial development,1,banking and finance
financial developments,317,banking and finance
financial developmentsâ,1,banking and finance
financial institutions,255,banking and finance
financial institutions and credit,3,banking and finance
financial institutions summary,1,banking and finance
financial markets,6,banking and finance
financial panel,23,banking and finance
financial pressures,1,banking and finance
financial sector,53,banking and finance
financial sector developments,1,banking and finance
financial services,336,banking and finance
"financial services               and credit",1,banking and finance
financial services and credit,6,banking and finance
financial services.,1,banking and finance
financial servicesâ,1,banking and finance
financial stress,1,banking and finance
financing,1,banking and finance
first district economic indicators through june,1,banking and finance
fisheries,1,agriculture and natural resource
food prices,1,agriculture and natural resource
forecasts reduced,1,business sentiment and outlook
foreign competition,2,business activity
foreign trade,2,manufacturing and other business activity
forest products,1,agriculture and natural resource
"forestry, mining and energy",1,agriculture and natural resource
freight,17,manufacturing and other business activity
freight transportation,33,manufacturing and other business activity
freight transportation.,1,manufacturing and other business activity
fuel,1,agriculture and natural resource
general,1,business activity
general business conditions,20,business activity
general conditions and consumer spending,1,business sentiment and outlook
general merchandise,2,business activity
general outlook,1,business sentiment and outlook
general retailing and auto sales,1,business activity
general retailing and autos,1,business activity
gnp and real market aggregates,1,business activity
good economic news,2,business sentiment and outlook
good economic outlook ...,1,business sentiment and outlook
government,3,business activity
gypsum and paper,1,business activity
heat wave,1,business activity
high interest rates have reduced bank lending,2,banking and finance
highlights by federal reserve district,24,overview
highlights by federal reserve districtboston,1,overview
highway work,1,manufacturing and other business activity
hiring and business spending,2,employment wage and price
home builders' associations,1,real estate and construction
home building,1,real estate and construction
home finance,1,real estate and construction
home sales and construction,3,real estate and construction
homebuilders,1,real estate and construction
homebuilders and savings and loans,1,real estate and construction
homebuilding and home finance,2,real estate and construction
homebuilding and mortgage rates,1,real estate and construction
hotels and motels,1,consumer activity
household spending,1,consumer activity
housin,1,real estate and construction
housing,130,real estate and construction
housing activity,2,real estate and construction
housing activity and finance,66,real estate and construction
housing and construction,47,real estate and construction
housing and finance,1,real estate and construction
housing and housing finance,4,real estate and construction
housing and mortgage rates,1,real estate and construction
housing and the mortgage market,1,real estate and construction
housing and thrifts,1,real estate and construction
housing construction,1,real estate and construction
housing construction and finance,1,real estate and construction
housing developments,1,real estate and construction
housing finance,2,real estate and construction
housing market,1,real estate and construction
housing remains strong despite uncertainties,1,real estate and construction
housing slows,1,real estate and construction
housing/construction,9,real estate and construction
hurricane andrew,1,business activity
hurricane katrina,1,business activity
import competition,1,business activity
improvement in chicago and milwaukee,1,business activity
improving iron ore mining and agriculture,1,agriculture and natural resource
industrial,8,manufacturing and other business activity
industrial activity,23,manufacturing and other business activity
industrial activity and inventories,6,manufacturing and other business activity
industrial output,1,manufacturing and other business activity
industrial production,7,manufacturing and other business activity
industrial production and employment,1,manufacturing and other business activity
industrial production and inventories,3,manufacturing and other business activity
industrial sector,1,manufacturing and other business activity
industries,1,manufacturing and other business activity
industry,3,manufacturing and other business activity
industry activity,2,manufacturing and other business activity
industry costs and inventories,1,manufacturing and other business activity
industry doing well,1,manufacturing and other business activity
inflation,22,employment wage and price
inflation and trade expectations,2,employment wage and price
inflation expectations,1,employment wage and price
inflation outlook,1,employment wage and price
information technology services,1,employment wage and price
insurance,17,retail sales and services
introduction,17,overview
inventories,38,manufacturing and other business activity
inventories and investments,1,manufacturing and other business activity
inventories and prices,3,manufacturing and other business activity
inventory,1,manufacturing and other business activity
inventory investment,1,manufacturing and other business activity
investment,3,banking and finance
iron ore and agriculture,1,agriculture and natural resource
job markets,1,employment wage and price
job opportunities,1,employment wage and price
jobless funds,1,employment wage and price
jobs and income,1,employment wage and price
kansas city,36,overview
labor,13,employment wage and price
labor and prices,6,employment wage and price
labor concessions,1,employment wage and price
labor costs,1,employment wage and price
labor costs and prices,4,employment wage and price
labor demand,1,employment wage and price
labor disputes,1,employment wage and price
labor market,99,employment wage and price
labor market and wages,1,employment wage and price
labor market conditions,22,employment wage and price
labor market.,1,employment wage and price
labor markets,151,employment wage and price
labor markets and business activity,1,employment wage and price
labor markets and economic indicators,1,employment wage and price
labor markets and general business activity,1,employment wage and price
labor markets and prices,5,employment wage and price
labor markets and wage pressures,1,employment wage and price
labor markets and wages,22,employment wage and price
"labor markets and wages, and prices",1,employment wage and price
labor markets tighten,1,employment wage and price
"labor markets, wages and prices",7,employment wage and price
"labor markets, wages, and prices",11,employment wage and price
"labor markets, wages, prices",2,employment wage and price
labor negotiations,6,employment wage and price
labor unrest,1,employment wage and price
large banks,1,employment wage and price
layoffs,1,employment wage and price
leasing,1,real estate and construction
lending activity,5,banking and finance
loan demand,4,banking and finance
loan terms,1,banking and finance
lower break-even points,1,agriculture and natural resource
lumber and furniture,1,agriculture and natural resource
machine tools,1,manufacturing and other business activity
machinery,4,manufacturing and other business activity
machinery and equipment,1,manufacturing and other business activity
manufacturers,2,manufacturing and other business activity
manufacturers' input prices and inventories,1,manufacturing and other business activity
manufacturers inventories and input prices,1,manufacturing and other business activity
manufacturers' inventories and input prices,3,manufacturing and other business activity
manufacturing,2299,manufacturing and other business activity
manufacturing    and transportation,1,manufacturing and other business activity
manufacturing  and other business activity,1,manufacturing and other business activity
manufacturing  and related services,2,manufacturing and other business activity
manufacturing activity,16,manufacturing and other business activity
"manufacturing and                   related services",1,manufacturing and other business activity
manufacturing and capital goods,1,manufacturing and other business activity
manufacturing and coal,1,agriculture and natural resource
manufacturing and construction,3,manufacturing and other business activity
manufacturing and distribution,36,manufacturing and other business activity
manufacturing and employment,6,manufacturing and other business activity
manufacturing and energy,1,agriculture and natural resource
manufacturing and industry,6,manufacturing and other business activity
manufacturing and investment,1,manufacturing and other business activity
manufacturing and mining,56,manufacturing and other business activity
manufacturing and mining activity,3,manufacturing and other business activity
manufacturing and natural resource industries,3,manufacturing and other business activity
manufacturing and other  business activity,1,manufacturing and other business activity
"manufacturing and other               business activity",1,manufacturing and other business activity
manufacturing and other business    activity,1,manufacturing and other business activity
"manufacturing and other business                   activity",1,manufacturing and other business activity
"manufacturing and other business                 activity",1,manufacturing and other business activity
manufacturing and other business activity,251,manufacturing and other business activity
manufacturing and other services,3,manufacturing and other business activity
manufacturing and related    services,1,manufacturing and other business activity
manufacturing and related services,162,manufacturing and other business activity
manufacturing and services,1,manufacturing and other business activity
manufacturing and technology,3,manufacturing and other business activity
manufacturing and transportation,98,manufacturing and other business activity
manufacturing conditions,2,manufacturing and other business activity
manufacturing industries,1,manufacturing and other business activity
manufacturing sector,2,manufacturing and other business activity
"manufacturing, mining and forestry",1,manufacturing and other business activity
manufacturing.,4,manufacturing and other business activity
manufacturing:,2,manufacturing and other business activity
manufacturingâ,3,manufacturing and other business activity
market psychology,1,business sentiment and outlook
materials,1,agriculture and natural resource
metal mining,1,agriculture and natural resource
metal mining and forestry,1,agriculture and natural resource
mild weather,1,agriculture and natural resource
military base closure list,1,business activity
mining,13,agriculture and natural resource
mining and agriculture,2,agriculture and natural resource
mining and energy,5,agriculture and natural resource
mining and manufacturing,5,agriculture and natural resource
"mining, agriculture and forestry",2,agriculture and natural resource
mining/energy,1,agriculture and natural resource
minneapolis,36,overview
minority- and women-owned business enterprises,3,minority- and women-owned business enterprises
monetary conditions and capital markets,1,banking and finance
mortgage credit,1,banking and finance
mortgage lending,5,banking and finance
mortgage market,1,banking and finance
mortgage rates,1,banking and finance
motor vehicle,1,consumer activity
motor vehicle sales,1,consumer activity
motor vehicles,60,consumer activity
municipal finance,2,banking and finance
nan,11,NA
national and regional overview,1,business activity
national economy,3,business activity
national outlook,3,business sentiment and outlook
national resource industries,2,agriculture and natural resource
natural resource industries,34,agriculture and natural resource
natural resources,9,agriculture and natural resource
natural resources & agriculture,1,agriculture and natural resource
natural resources and agriculture,70,agriculture and natural resource
natural resources and energy,1,agriculture and natural resource
natural resources industries,2,agriculture and natural resource
new england economic project outlook,3,business sentiment and outlook
new york,36,overview
no recession in sight,1,business sentiment and outlook
nonbank financial institutions,2,banking and finance
nonbank financial services,36,retail sales and services
nonbuilding,1,retail sales and services
nonfinancial  services,1,retail sales and services
nonfinancial services,249,retail sales and services
non-financial services,17,retail sales and services
nonfinancial services and tourism,1,consumer activity
nonmanufacturing,11,manufacturing and other business activity
nonresidential,2,real estate and construction
nonresidential building,1,real estate and construction
nonresidential construction,38,real estate and construction
nonresidential construction and manufacturing,1,real estate and construction
nonresidential real estate,3,real estate and construction
oil and gas drilling,1,agriculture and natural resource
oil and inflation,1,agriculture and natural resource
other,1,manufacturing and other business activity
other business activity,194,manufacturing and other business activity
other business activityâ,1,manufacturing and other business activity
other consumer spending,1,manufacturing and other business activity
other costs,1,manufacturing and other business activity
other drought effects,1,business activity
other general business conditions,1,business activity
other industrial activity,1,manufacturing and other business activity
other manufacturers,1,manufacturing and other business activity
other manufacturing,3,manufacturing and other business activity
other manufacturing industries,1,manufacturing and other business activity
other reports on business activity,4,business activity
other staginess activity,1,business activity
outlook,67,business sentiment and outlook
outlook and overview,1,business sentiment and outlook
outlook conference,1,business sentiment and outlook
outlook for the district,1,business sentiment and outlook
outlook for the national economy,1,business sentiment and outlook
output and employment,1,business activity
output and inflation,1,business activity
overall economic activity,36,business activity
overview,4511,overview
packaging materials,1,manufacturing and other business activity
panel of economists,7,business activity
paperboard,2,manufacturing and other business activity
parts versus finished goods,1,manufacturing and other business activity
payroll employment,1,employment wage and price
personal income and labor negotiations,1,employment wage and price
pessimism prevails,1,business sentiment and outlook
philadelphia,36,overview
plant and equipment,1,manufacturing and other business activity
plant and equipment investment,1,manufacturing and other business activity
plant closing,1,manufacturing and other business activity
plant closings,2,manufacturing and other business activity
plant closings and jobs,1,manufacturing and other business activity
policy,2,business activity
port activity,30,manufacturing and other business activity
ports,76,manufacturing and other business activity
ports and transportation,35,manufacturing and other business activity
preface,1,overview
"prepared at the federal reserve bank of atlanta and based   on information collected on or before february 18, 2011. this document   summarizes comments received from business and other contacts outside the   federal reserve and is not a commentary on the views of federal reserve   officials.",1,overview
"prepared at the federal reserve bank of atlanta and based on information collected before august 31, 2009. this document summarizes comments received from businesses and other contacts outside the federal reserve and is not a commentary on the views of federal reserve officials.",1,overview
"prepared at the federal reserve bank of atlanta and based on information collected before february 24, 2014. this document summarizes comments received from businesses and other contacts outside the federal reserve and is not a commentary on the views of federal reserve officials.",1,overview
"prepared at the federal reserve bank of atlanta and based on information collected before july 9, 2012. this document summarizes comments received from businesses and other contacts outside the federal reserve and is not a commentary on the views of federal reserve officials.",1,overview
"prepared at the federal reserve bank of boston and based   on information collected on or before january 3, 2011. this document summarizes   comments received from business and other contacts outside the federal reserve   and is not a commentary on the views of federal reserve officials.",1,overview
"prepared at the federal reserve bank of boston and based on   information collected on or before august 20, 2012. this document summarizes   comments received from business and other contacts outside the federal reserve   and is not a commentary on the views of federal reserve officials.",1,overview
"prepared at the federal reserve bank of boston and based on information collected on or before january 6, 2014. this document summarizes comments received from business and other contacts outside the federal reserve and is not a commentary on the views of federal reserve officials.",1,overview
"prepared at the federal reserve bank of boston and based on information collected on or before july 20, 2009.  this document summarizes comments received from business and other contacts outside the federal reserve and is not a commentary on the views of federal reserve officials.",1,overview
"prepared at the federal reserve bank of chicago and based   on information collected on or before may 28, 2010. this document summarizes   comments received from business and other contacts outside the federal reserve   and is not a commentary on the views of federal reserve officials.",1,overview
"prepared at the federal reserve bank of chicago and based   on information collected on or before october 7, 2011. this document summarizes   comments received from business and other contacts outside the federal reserve   and is not a commentary on the views of federal reserve officials.",1,overview
"prepared at the federal reserve bank of chicago and based on information collected on or before november 24, 2014. this document summarizes comments received from business and other contacts outside the federal reserve and is not a commentary on the views of federal reserve officials.",1,overview
"prepared at the federal reserve bank of chicago and based on information collected on or before october 7, 2013. this document summarizes comments received from business and other contacts outside the federal reserve and is not a commentary on the views of federal reserve officials.",1,overview
"prepared at the federal reserve bank of cleveland and based on information collected on or before november 22, 2013. this document summarizes comments received from business and other contacts outside the federal reserve and is not a commentary on the views of federal reserve officials.",1,overview
"prepared at the federal reserve bank of dallas and based on   information collected on or before may 25, 2012. this document summarizes   comments received from business and other contacts outside the federal reserve   and is not a commentary on the views of federal reserve officials.",1,overview
"prepared at the federal reserve bank of dallas based on   information collected on or before october 8, 2010. this document summarizes   comments received from business and other contacts outside the federal reserve   and is not a commentary on the views of federal reserve officials.",1,overview
"prepared at the federal reserve bank of dallas based on information collected on or before april 5, 2013. this document summarizes comments received from businesses and other contacts outside the federal reserve and is not a commentary on the views of federal reserve officials.",1,overview
"prepared at the federal reserve bank of kansas city and   based on information collected on or before august 26, 2011. this document   summarizes comments received from businesses and other contacts outside the   federal reserve and is not a commentary on the views of federal reserve   officials.",2,overview
"prepared at the federal reserve bank of kansas city and based on information collected before july 7, 2014. this document summarizes comments received from businesses and other contacts outside the federal reserve and is not a commentary on the views of federal reserve officials.",1,overview
"prepared at the federal reserve bank of kansas city and based on information collected on or before february 22, 2010.  this document summarizes comments received from businesses and other contacts outside the federal reserve and is not a commentary on the views of federal reserve officials.",1,overview
"prepared at the federal reserve bank of kansas city and based on information collected on or before february 22, 2013. this document summarizes comments received from businesses and other contacts outside the federal reserve and is not a commentary on the views of federal reserve officials.",1,overview
"prepared at the federal reserve bank of minneapolis and   based on information collected before april 5, 2010. this document summarizes   comments received from business and other contacts outside the federal reserve   system and is not a commentary on the views of federal reserve officials.",1,overview
"prepared at the federal reserve bank of minneapolis and   based on information collected before november 18, 2011. this document   summarizes comments received from business and other contacts outside the   federal reserve system and is not a commentary on the views of federal reserve   officials.",2,overview
"prepared at the federal reserve bank of minneapolis and based on information collected before october 6, 2014. this document summarizes comments received from business and other contacts outside the federal reserve system and is not a commentary on the views of federal reserve officials.",1,overview
"prepared at the federal reserve bank of minneapolis and based on information collected on or before may 24, 2013. this document summarizes comments received from business and other contacts outside the federal reserve system and is not a commentary on the views of federal reserve officials.",1,overview
"prepared at the federal reserve bank of new york and based   on information collected on or before may 27, 2011. this document summarizes   comments received from businesses and other contacts outside the federal reserve   and is not a commentary on the views of federal reserve officials.",1,overview
"prepared at the federal reserve bank of new york and based   on information collected on or before november 20, 2009. this document   summarizes comments received from businesses and other contacts outside the   federal reserve and is not a commentary on the views of federal reserve   officials.",1,overview
"prepared at the federal reserve bank of new york and based on information collected on or before may 23, 2014. this document summarizes comments received from businesses and other contacts outside the federal reserve and is not a commentary on the views of federal reserve officials.",1,overview
"prepared at the federal reserve bank of new york and based on information collected on or before september 28, 2012. this document summarizes comments received from businesses and other contacts outside the federal reserve and is not a commentary on the views of federal reserve officials.",1,overview
"prepared at the federal reserve bank of philadelphia and   based on information collected on or before january 4, 2010. this document   summarizes comments received from businesses and other contacts outside the   federal reserve and is not a commentary on the views of federal reserve   officials.",1,overview
"prepared at the federal reserve bank of philadelphia and   based on information collected on or before july 15, 2011. this document   summarizes comments received from businesses and other contacts outside the   federal reserve and is not a commentary on the views of federal reserve   officials.",2,overview
"prepared at the federal reserve bank of philadelphia and based   on information collected on or before january 4, 2013. this document summarizes   comments received from businesses and other contacts outside the federal reserve   and is not a commentary on the views of federal reserve officials.",1,overview
"prepared at the federal reserve bank of philadelphia and based on information collected on or before august 22, 2014. this document summarizes comments received from businesses and other contacts outside the federal reserve and is not a commentary on the views of federal reserve officials.",1,overview
"prepared at the federal reserve bank of richmond and based   on information collected before april 4, 2011. this document summarizes comments   received from businesses and other contacts outside the federal reserve and is   not a commentary on the views of federal reserve officials.",1,overview
"prepared at the federal reserve bank of richmond and based   on information collected before october 13, 2009. this document summarizes   comments received from businesses and other contacts outside the federal reserve   and is not a commentary on the views of federal reserve officials.",1,overview
"prepared at the federal reserve bank of richmond and based on   information collected before november 14, 2012. this document summarizes   comments received from businesses and other contacts outside the federal reserve   and is not a commentary on the views of federal reserve officials.",2,overview
"prepared at the federal reserve bank of richmond and based on information collected before april 7, 2014. this document summarizes comments received from businesses and other contacts outside the federal reserve and is not a commentary on the views of federal reserve officials.",1,overview
"prepared at the federal reserve bank of san francisco   based on information collected on or before august 30, 2010. this document   summarizes comments received from business and other contacts outside the   federal reserve and is not a commentary on the views of federal reserve   officials.",1,overview
"prepared at the federal reserve bank of san francisco and   based on information collected on or before december 30, 2011. this document   summarizes comments received from business and other contacts outside the   federal reserve system and is not a commentary on the views of federal reserve   officials.",1,overview
"prepared at the federal reserve bank of san francisco and based on information collected on or before august 26, 2013. this document summarizes comments received from business and other contacts outside the federal reserve system and is not a commentary on the views of federal reserve officials.",1,overview
"prepared at the federal reserve bank of st. louis and   based on information collected on or before february 17, 2012. this document   summarizes comments received from business and other contacts outside the   federal reserve system and is not a commentary on the views of federal reserve   officials.",1,overview
"prepared at the federal reserve bank of st. louis and   based on information collected on or before july 19, 2010. this document   summarizes comments received from business and other contacts outside the   federal reserve and is not a commentary on the views of federal reserve   officials.",2,overview
"prepared at the federal reserve bank of st. louis and based on information collected on or before july 8, 2013. this document summarizes comments received from business and other contacts outside the federal reserve system and is not a commentary on the views of federal reserve officials.",1,overview
"prepared by the federal reserve bank of cleveland based on   information collected on or before april 2, 2012. this document summarizes   comments received from business and other contacts outside the federal reserve   and is not a commentary on the views of federal reserve officials.",1,overview
"prepared by the federal reserve bank of cleveland based on   information collected on or before november 19, 2010. this document summarizes   comments received from business and other contacts outside the federal reserve   and is not a commentary on the views of federal reserve officials.",1,overview
price and costs,1,employment wage and price
price and wages,2,employment wage and price
price cutting,1,employment wage and price
price inflation,1,employment wage and price
price pressure,1,employment wage and price
price pressures,2,employment wage and price
prices,690,employment wage and price
prices  and wages,1,employment wage and price
prices and costs,85,employment wage and price
prices and employment costs,9,employment wage and price
prices and expectations,1,employment wage and price
prices and inventories,1,employment wage and price
prices and labor,3,employment wage and price
prices and labor compensation,1,employment wage and price
prices and labor costs,1,employment wage and price
prices and labor markets,2,employment wage and price
prices and output,1,employment wage and price
prices and wages,147,employment wage and price
prices fairly stable,1,employment wage and price
"prices, wages and earnings",1,employment wage and price
"prices, wages and employment",1,employment wage and price
"prices, wages and labor markets",1,employment wage and price
"prices, wages and productivity",1,employment wage and price
"prices, wages, and earnings",2,employment wage and price
"prices, wages, and employment",7,employment wage and price
"prices, wages, and labor markets",1,employment wage and price
prices/costs,18,employment wage and price
prices/costs.,1,employment wage and price
prices/employment costs,1,employment wage and price
primary metals,6,agriculture and natural resource
prime rates,1,banking and finance
producer equipment,1,manufacturing and other business activity
producer goods,1,manufacturing and other business activity
production activity,1,manufacturing and other business activity
production and employment,1,manufacturing and other business activity
"production, sales, and inventories",1,manufacturing and other business activity
professional and business services,16,retail sales and services
professional business services,1,retail sales and services
professional services,1,retail sales and services
profits,1,business activity
public finance,2,banking and finance
purchase agents,1,manufacturing and other business activity
purchasing agents,49,business activity
purchasing managers,6,manufacturing and other business activity
purchasing managers pessimistic,1,manufacturing and other business activity
purchasing managers' reports favorable,1,manufacturing and other business activity
random notes by industry,1,business activity
raw material extraction and processing,1,manufacturing and other business activity
reaction to election,1,business sentiment and outlook
real    estate and construction,1,real estate and construction
real  estate,2,real estate and construction
real  estate and construction,1,real estate and construction
real estate,240,real estate and construction
real estate activity,1,real estate and construction
real estate and  construction,2,real estate and construction
"real estate and               construction",1,real estate and construction
real estate and construction,994,real estate and construction
real estate and construction activity,1,real estate and construction
real estate and construction.,2,real estate and construction
real estate and housing,1,real estate and construction
real estate construction,1,real estate and construction
real estate sales and construction,1,real estate and construction
real estate/construction,11,real estate and construction
real estate:,2,real estate and construction
reasons for district problems,1,overview
recession fears,1,business sentiment and outlook
regional differences,1,overview
regional economy,5,overview
regional indicators,1,overview
reports of business activity,2,business activity
residential    real estate,1,real estate and construction
residential  real estate,2,real estate and construction
residential and commercial real estate,1,real estate and construction
residential building,2,real estate and construction
residential construction,17,real estate and construction
residential construction and real estate,50,real estate and construction
residential construction and real estate activity,1,real estate and construction
residential construction and sales,2,real estate and construction
residential real estate,222,real estate and construction
residential real estate and construction,3,real estate and construction
residential real estate housing,1,real estate and construction
residential sales and construction,2,real estate and construction
resource based industries,1,agriculture and natural resource
resource industries,7,agriculture and natural resource
resource industries and tourism,1,agriculture and natural resource
resource-based industries,1,agriculture and natural resource
resource-related industries,53,agriculture and natural resource
resource-related industry,1,agriculture and natural resource
resource-related sectors,1,agriculture and natural resource
resources,3,agriculture and natural resource
retail,587,retail sales and services
retail activity,6,retail sales and services
retail and  tourism,1,retail sales and services
retail and auto sales,3,retail sales and services
retail and services,1,retail sales and services
retail and tourism,92,retail sales and services
retail chain store sales,1,retail sales and services
retail estate,1,retail sales and services
retail sales,400,retail sales and services
retail sales and housing,1,retail sales and services
retail sales and inventories,7,retail sales and services
retail sales pick up,2,retail sales and services
retail sales.,2,retail sales and services
retail sales/housing,1,retail sales and services
retail spending,1,retail sales and services
retail trade,71,retail sales and services
retail trade and services,207,retail sales and services
retail trade and tourism,1,retail sales and services
"retail, travel, and tourism",36,retail sales and services
retail/consumer spending,1,retail sales and services
retail:,1,retail sales and services
retailers,9,retail sales and services
retailers and wholesalers,1,retail sales and services
retailing,36,retail sales and services
return of troops,1,overview
richmond,36,overview
sales,5,business activity
sales volume and prices,1,business activity
san francisco,36,overview
savings and loan activity,1,banking and finance
savings flows,2,banking and finance
selected business services,43,business activity
service industries,1,retail sales and services
service production,9,retail sales and services
service-producing firms,7,retail sales and services
service-producing sector,2,retail sales and services
service-producing sectors,1,retail sales and services
services,491,retail sales and services
services and government,1,retail sales and services
services and related industries,1,retail sales and services
services and tourism,7,retail sales and services
services industries,1,retail sales and services
services.,1,retail sales and services
services:,1,retail sales and services
seventh district problems,1,overview
shipping,1,manufacturing and other business activity
shortages and leadtimes,1,manufacturing and other business activity
small business,1,business activity
small businesses,1,business activity
software and  information technology services,2,software and it services
"software and information                   technology services",1,software and it services
software and information technology    services,1,software and it services
"software and information technology                   services",2,software and it services
"software and information technology                 services",1,software and it services
software and information technology (it) services,1,software and it services
software and information technology services,66,software and it services
software and it services,2,software and it services
some problems,1,overview
specific areas of interest,1,overview
spending and borrowing,1,overview
st. lawrence seaway,1,overview
st. louis,36,overview
staffing,1,employment wage and price
staffing  services,1,employment wage and price
staffing services,59,employment wage and price
state and local government,1,business activity
state and local government finance,1,business activity
state and local governments,2,business activity
state budgets,4,business activity
state government activity,1,business activity
state government finance,1,business activity
state government finances,1,business activity
state government revenues,2,business activity
state governments,1,business activity
state revenues,23,business activity
state sales tax receipts,1,business activity
state tax revenues,3,business activity
steel,81,manufacturing and other business activity
steel slump over?,1,manufacturing and other business activity
strikes,1,employment wage and price
strong retail and manufacturing sales ...,2,manufacturing and other business activity
summary,417,overview
summary and outlook,1,overview
"summary for selected economic aspectsemployment",1,overview
summary of economic activity,431,overview
summary of economic activty,1,overview
summary of findings,1,overview
summary—a better look,1,overview
tax plan reduction,1,business activity
teachers' strikes,1,employment wage and price
temporary employment,99,employment wage and price
temporary employment agencies,1,employment wage and price
temporary employment firms,17,employment wage and price
temporary employment services,1,employment wage and price
temporary employment:,1,employment wage and price
the agriculture sector,1,agriculture and natural resource
the consumer,1,consumer activity
the economic outlook,3,business sentiment and outlook
the economy,5,overview
the financial sector,22,banking and finance
the inventory picture,1,manufacturing and other business activity
the manufacturing sector,20,manufacturing and other business activity
the national economy,3,overview
the oil glut,1,agriculture and natural resource
the outlook,24,business sentiment and outlook
the outlook and prices,4,business sentiment and outlook
the outlook is good,1,business sentiment and outlook
the region,1,overview
the regional economy,1,overview
the tax act,1,business sentiment and outlook
tightening markets,1,overview
tourism,244,consumer activity
tourism and business travel,58,consumer activity
tourism and business travel:,1,consumer activity
tourism and convention business,2,consumer activity
tourism and conventions,1,consumer activity
tourism and port activity,1,consumer activity
tourism and recreation,1,consumer activity
tourism and services,9,consumer activity
tourism:,1,consumer activity
tourist services,2,consumer activity
trade,1,manufacturing and other business activity
trade activity,1,manufacturing and other business activity
trade and services,7,manufacturing and other business activity
transportation,108,manufacturing and other business activity
transportation and distribution,2,manufacturing and other business activity
transportation and natural resources,1,manufacturing and other business activity
transportation and utilities,1,manufacturing and other business activity
transportation:,1,manufacturing and other business activity
travel and tourism,3,consumer activity
trucking and shipping,34,manufacturing and other business activity
trucking and shipping.,1,manufacturing and other business activity
unemployment,1,employment wage and price
unemployment and plant closings,1,employment wage and price
value of the dollar,1,banking and finance
views of outside experts,1,business sentiment and outlook
wages,7,employment wage and price
wages and benefits,1,employment wage and price
wages and prices,282,employment wage and price
wages and prices.,1,employment wage and price
wages and prices:,1,employment wage and price
wages and salaries,1,employment wage and price
weather,1,manufacturing and other business activity
wholesale,1,manufacturing and other business activity
wholesale prices,1,manufacturing and other business activity
widespread strength and optimism,2,business sentiment and outlook
winter wheat planting conditions,1,agriculture and natural resource
wood products,1,agriculture and natural resource
worker experience,3,employment wage and price
 ,20,NA
